{
  "content": [
    {
      "path": "Business.json",
      "size": 125,
      "date": 132431752421568596
    },
    {
      "path": "ContentInfo/owllandmarks-scene/Thumbnail.jpg",
      "size": 13520,
      "date": 132398945780000000
    },
    {
      "path": "manifest.json",
      "size": 296,
      "date": 132443022765721298
    },
    {
      "path": "scenery/global/scenery/modelLib.BGL",
      "size": 4649330,
      "date": 132443022765042510
    },
    {
      "path": "scenery/global/scenery/TEXTURE/BASETEXTURE.PNG.DDS",
      "size": 22369776,
      "date": 132443022750909646
    },
    {
      "path": "scenery/global/scenery/TEXTURE/BASETEXTURE.PNG.DDS.json",
      "size": 119,
      "date": 132443022750769523
    },
    {
      "path": "scenery/global/scenery/TEXTURE/BASETEXTUREROUGH.PNG.DDS",
      "size": 22369796,
      "date": 132443022735135300
    },
    {
      "path": "scenery/global/scenery/TEXTURE/BASETEXTUREROUGH.PNG.DDS.json",
      "size": 191,
      "date": 132443022734995172
    },
    {
      "path": "scenery/global/scenery/TEXTURE/BENTELERARENATEXTURE.PNG.DDS",
      "size": 22369776,
      "date": 132443022612655310
    },
    {
      "path": "scenery/global/scenery/TEXTURE/BENTELERARENATEXTURE.PNG.DDS.json",
      "size": 119,
      "date": 132443022612535210
    },
    {
      "path": "scenery/global/scenery/TEXTURE/BIELEFELDSCHUECOARENA.PNG.DDS",
      "size": 22369776,
      "date": 132443022764532045
    },
    {
      "path": "scenery/global/scenery/TEXTURE/BIELEFELDSCHUECOARENA.PNG.DDS.json",
      "size": 119,
      "date": 132443022764421946
    },
    {
      "path": "scenery/global/scenery/TEXTURE/FERNSEHTURNTEX.PNG.DDS",
      "size": 22369776,
      "date": 132443022625213783
    },
    {
      "path": "scenery/global/scenery/TEXTURE/FERNSEHTURNTEX.PNG.DDS.json",
      "size": 119,
      "date": 132443022625073656
    },
    {
      "path": "scenery/global/scenery/TEXTURE/FERNSEHTURNTEXNML.PNG.DDS",
      "size": 22369776,
      "date": 132443022632535819
    },
    {
      "path": "scenery/global/scenery/TEXTURE/FERNSEHTURNTEXNML.PNG.DDS.json",
      "size": 160,
      "date": 132443022632425719
    },
    {
      "path": "scenery/world/scenery/BENTELERARENASHP.BGL",
      "size": 3887,
      "date": 132443022765551146
    },
    {
      "path": "scenery/world/scenery/OWLLandmarks.bgl",
      "size": 908,
      "date": 132443027116141961
    }
  ]
}